Workbook

Sheet README
A1: Tokenizer Comparison Workbook — AGLM vs tiktoken/o200k
A3: Purpose | B3: Compare AGLM token counts against OpenAI tiktoken/o200k on 1,248 multilingual tokenizer stress-test examples.
A4: How to use | B4: Paste GPT/o200k token count into column H and AGLM token count into column J on the Benchmark sheet.
A5: Automatic metrics | B5: Bytes/token, tokens saved, reduction %, AGLM/GPT ratio, and winner calculate automatically.
A6: Positive reduction | B6: AGLM uses fewer tokens than GPT/o200k.
A7: Negative reduction | B7: AGLM uses more tokens than GPT/o200k.
A8: Important | B8: These are synthetic tokenizer stress tests, not a natural-language quality benchmark.
A9: Coverage | B9: European, Indic native, Romanized Indic, Arabic/Cyrillic/CJK/SE Asian/African, code, URLs, numbers, emoji.
A10: Recommended comparison | B10: Use the exact same text and the same tokenizer version for every row.
A11: Primary metric | B11: Reduction % = (GPT Tokens - AGLM Tokens) / GPT Tokens.
A12: Quality check | B12: Also inspect token pieces for suspicious splits; fewer tokens alone does not guarantee better LM quality.

Sheet Benchmark
A1: ID | B1: Language | C1: Script | D1: Category | E1: Test Text | F1: UTF-8 Bytes | G1: Words | H1: GPT/o200k Tokens | I1: GPT Bytes/Token | J1: AGLM Tokens | K1: AGLM Bytes/Token | L1: Tokens Saved | M1: Reduction % | N1: AGLM/GPT Ratio | O1: Winner | P1: Notes
A2: 1 | B2: English | C2: Latin | D2: Natural | E2: I need to finish this work today because tomorrow I have another important meeting. | F2: 83 | G2: 14 | H2: 15 | I2: =IF(H2>0,F2/H2,0) | J2: 15 | K2: =IF(J2>0,F2/J2,0) | L2: =IF(AND(H2>0,J2>0),H2-J2,0) | M2: =IF(AND(H2>0,J2>0),(H2-J2)/H2,0) | N2: =IF(AND(H2>0,J2>0),J2/H2,1) | O2: TIE
A3: 2 | B3: English | C3: Latin | D3: Natural | E3: Note: I need to finish this work today because tomorrow I have another important meeting. 2026 | F3: 94 | G3: 16 | H3: 20 | I3: =IF(H3>0,F3/H3,0) | J3: 20 | K3: =IF(J3>0,F3/J3,0) | L3: =IF(AND(H3>0,J3>0),H3-J3,0) | M3: =IF(AND(H3>0,J3>0),(H3-J3)/H3,0) | N3: =IF(AND(H3>0,J3>0),J3/H3,1) | O3: TIE
A4: 3 | B4: English | C4: Latin | D4: Natural | E4: Test: I need to finish this work today because tomorrow I have another important meeting. ID 48291 | F4: 98 | G4: 17 | H4: 21 | I4: =IF(H4>0,F4/H4,0) | J4: 21 | K4: =IF(J4>0,F4/J4,0) | L4: =IF(AND(H4>0,J4>0),H4-J4,0) | M4: =IF(AND(H4>0,J4>0),(H4-J4)/H4,0) | N4: =IF(AND(H4>0,J4>0),J4/H4,1) | O4: TIE
A5: 4 | B5: English | C5: Latin | D5: Natural | E5: User says: I need to finish this work today because tomorrow I have another important meeting. v2.1 | F5: 99 | G5: 17 | H5: 22 | I5: =IF(H5>0,F5/H5,0) | J5: 22 | K5: =IF(J5>0,F5/J5,0) | L5: =IF(AND(H5>0,J5>0),H5-J5,0) | M5: =IF(AND(H5>0,J5>0),(H5-J5)/H5,0) | N5: =IF(AND(H5>0,J5>0),J5/H5,1) | O5: TIE
A6: 5 | B6: English | C6: Latin | D6: Natural | E6: I need to finish this work today because tomorrow I have another important meeting. #AI | F6: 87 | G6: 15 | H6: 17 | I6: =IF(H6>0,F6/H6,0) | J6: 17 | K6: =IF(J6>0,F6/J6,0) | L6: =IF(AND(H6>0,J6>0),H6-J6,0) | M6: =IF(AND(H6>0,J6>0),(H6-J6)/H6,0) | N6: =IF(AND(H6>0,J6>0),J6/H6,1) | O6: TIE
A7: 6 | B7: English | C7: Latin | D7: Natural | E7: Note: I need to finish this work today because tomorrow I have another important meeting. @user123 | F7: 100 | G7: 16 | H7: 22 | I7: =IF(H7>0,F7/H7,0) | J7: 22 | K7: =IF(J7>0,F7/J7,0) | L7: =IF(AND(H7>0,J7>0),H7-J7,0) | M7: =IF(AND(H7>0,J7>0),(H7-J7)/H7,0) | N7: =IF(AND(H7>0,J7>0),J7/H7,1) | O7: TIE
A8: 7 | B8: English | C8: Latin | D8: Natural | E8: Test: I need to finish this work today because tomorrow I have another important meeting. ✅ | F8: 93 | G8: 16 | H8: 18 | I8: =IF(H8>0,F8/H8,0) | J8: 18 | K8: =IF(J8>0,F8/J8,0) | L8: =IF(AND(H8>0,J8>0),H8-J8,0) | M8: =IF(AND(H8>0,J8>0),(H8-J8)/H8,0) | N8: =IF(AND(H8>0,J8>0),J8/H8,1) | O8: TIE
A9: 8 | B9: English | C9: Latin | D9: Natural | E9: User says: I need to finish this work today because tomorrow I have another important meeting. 🚀 | F9: 99 | G9: 17 | H9: 20 | I9: =IF(H9>0,F9/H9,0) | J9: 19 | K9: =IF(J9>0,F9/J9,0) | L9: =IF(AND(H9>0,J9>0),H9-J9,0) | M9: =IF(AND(H9>0,J9>0),(H9-J9)/H9,0) | N9: =IF(AND(H9>0,J9>0),J9/H9,1) | O9: AGLM
A10: 9 | B10: English | C10: Latin | D10: Natural | E10: I need to finish this work today because tomorrow I have another important meeting. !!! | F10: 87 | G10: 15 | H10: 16 | I10: =IF(H10>0,F10/H10,0) | J10: 16 | K10: =IF(J10>0,F10/J10,0) | L10: =IF(AND(H10>0,J10>0),H10-J10,0) | M10: =IF(AND(H10>0,J10>0),(H10-J10)/H10,0) | N10: =IF(AND(H10>0,J10>0),J10/H10,1) | O10: TIE
A11: 10 | B11: English | C11: Latin | D11: Natural | E11: Note: I need to finish this work today because tomorrow I have another important meeting. ? | F11: 91 | G11: 16 | H11: 18 | I11: =IF(H11>0,F11/H11,0) | J11: 18 | K11: =IF(J11>0,F11/J11,0) | L11: =IF(AND(H11>0,J11>0),H11-J11,0) | M11: =IF(AND(H11>0,J11>0),(H11-J11)/H11,0) | N11: =IF(AND(H11>0,J11>0),J11/H11,1) | O11: TIE
A12: 11 | B12: English | C12: Latin | D12: Natural | E12: Test: I need to finish this work today because tomorrow I have another important meeting. -- test | F12: 97 | G12: 17 | H12: 19 | I12: =IF(H12>0,F12/H12,0) | J12: 19 | K12: =IF(J12>0,F12/J12,0) | L12: =IF(AND(H12>0,J12>0),H12-J12,0) | M12: =IF(AND(H12>0,J12>0),(H12-J12)/H12,0) | N12: =IF(AND(H12>0,J12>0),J12/H12,1) | O12: TIE
A13: 12 | B13: English | C13: Latin | D13: Natural | E13: User says: I need to finish this work today because tomorrow I have another important meeting. [debug] | F13: 102 | G13: 17 | H13: 21 | I13: =IF(H13>0,F13/H13,0) | J13: 21 | K13: =IF(J13>0,F13/J13,0) | L13: =IF(AND(H13>0,J13>0),H13-J13,0) | M13: =IF(AND(H13>0,J13>0),(H13-J13)/H13,0) | N13: =IF(AND(H13>0,J13>0),J13/H13,1) | O13: TIE
... A1249: 1248 | B1249: JSON | C1249: Code | D1249: Structured | E1249: Note: {"user":{"id":12345,"name":"Akash","active":true},"roles":["admin","developer"]} @user123 | F1249: 97 | G1249: 3 | H1249: 31 | I1249: =IF(H1249>0,F1249/H1249,0) | J1249: 29 | K1249: =IF(J1249>0,F1249/J1249,0) | L1249: =IF(AND(H1249>0,J1249>0),H1249-J1249,0) | M1249: =IF(AND(H1249>0,J1249>0),(H1249-J1249)/H1249,0) | N1249: =IF(AND(H1249>0,J1249>0),J1249/H1249,1) | O1249: AGLM

Sheet Summary
A1: Tokenizer Benchmark Summary
A3: Total examples | B3: 1248
A4: Rows with GPT result | B4: =COUNT(Benchmark!H2:H1249)
A5: Rows with AGLM result | B5: =COUNT(Benchmark!J2:J1249)
A6: Rows fully compared | B6: =COUNT(Benchmark!M2:M1249)
A7: Average reduction | B7: =IFERROR(AVERAGE(Benchmark!M2:M1249),"")
A8: AGLM win rate | B8: =IFERROR(COUNTIF(Benchmark!O2:O1249,"AGLM")/COUNT(Benchmark!M2:M1249),"")
A11: Language | B11: Examples | C11: Compared | D11: Avg GPT Tokens | E11: Avg AGLM Tokens | F11: Avg Reduction % | G11: AGLM Wins | H11: GPT Wins
A12: Amharic | B12: =COUNTIF(Benchmark!B$2:B$1249,A12) | C12: =COUNTIFS(Benchmark!B$2:B$1249,A12,Benchmark!M$2:M$1249,">=-1") | D12: =IFERROR(AVERAGEIF(Benchmark!B$2:B$1249,A12,Benchmark!H$2:H$1249),"") | E12: =IFERROR(AVERAGEIF(Benchmark!B$2:B$1249,A12,Benchmark!J$2:J$1249),"") | F12: =IFERROR(AVERAGEIF(Benchmark!B$2:B$1249,A12,Benchmark!M$2:M$1249),"") | G12: =COUNTIFS(Benchmark!B$2:B$1249,A12,Benchmark!O$2:O$1249,"AGLM") | H12: =COUNTIFS(Benchmark!B$2:B$1249,A12,Benchmark!O$2:O$1249,"GPT/o200k")
A13: Arabic | B13: =COUNTIF(Benchmark!B$2:B$1249,A13) | C13: =COUNTIFS(Benchmark!B$2:B$1249,A13,Benchmark!M$2:M$1249,">=-1") | D13: =IFERROR(AVERAGEIF(Benchmark!B$2:B$1249,A13,Benchmark!H$2:H$1249),"") | E13: =IFERROR(AVERAGEIF(Benchmark!B$2:B$1249,A13,Benchmark!J$2:J$1249),"") | F13: =IFERROR(AVERAGEIF(Benchmark!B$2:B$1249,A13,Benchmark!M$2:M$1249),"") | G13: =COUNTIFS(Benchmark!B$2:B$1249,A13,Benchmark!O$2:O$1249,"AGLM") | H13: =COUNTIFS(Benchmark!B$2:B$1249,A13,Benchmark!O$2:O$1249,"GPT/o200k")
A14: Arabizi | B14: =COUNTIF(Benchmark!B$2:B$1249,A14) | C14: =COUNTIFS(Benchmark!B$2:B$1249,A14,Benchmark!M$2:M$1249,">=-1") | D14: =IFERROR(AVERAGEIF(Benchmark!B$2:B$1249,A14,Benchmark!H$2:H$1249),"") | E14: =IFERROR(AVERAGEIF(Benchmark!B$2:B$1249,A14,Benchmark!J$2:J$1249),"") | F14: =IFERROR(AVERAGEIF(Benchmark!B$2:B$1249,A14,Benchmark!M$2:M$1249),"") | G14: =COUNTIFS(Benchmark!B$2:B$1249,A14,Benchmark!O$2:O$1249,"AGLM") | H14: =COUNTIFS(Benchmark!B$2:B$1249,A14,Benchmark!O$2:O$1249,"GPT/o200k")
A15: Assamese | B15: =COUNTIF(Benchmark!B$2:B$1249,A15) | C15: =COUNTIFS(Benchmark!B$2:B$1249,A15,Benchmark!M$2:M$1249,">=-1") | D15: =IFERROR(AVERAGEIF(Benchmark!B$2:B$1249,A15,Benchmark!H$2:H$1249),"") | E15: =IFERROR(AVERAGEIF(Benchmark!B$2:B$1249,A15,Benchmark!J$2:J$1249),"") | F15: =IFERROR(AVERAGEIF(Benchmark!B$2:B$1249,A15,Benchmark!M$2:M$1249),"") | G15: =COUNTIFS(Benchmark!B$2:B$1249,A15,Benchmark!O$2:O$1249,"AGLM") | H15: =COUNTIFS(Benchmark!B$2:B$1249,A15,Benchmark!O$2:O$1249,"GPT/o200k")
A16: Bengali | B16: =COUNTIF(Benchmark!B$2:B$1249,A16) | C16: =COUNTIFS(Benchmark!B$2:B$1249,A16,Benchmark!M$2:M$1249,">=-1") | D16: =IFERROR(AVERAGEIF(Benchmark!B$2:B$1249,A16,Benchmark!H$2:H$1249),"") | E16: =IFERROR(AVERAGEIF(Benchmark!B$2:B$1249,A16,Benchmark!J$2:J$1249),"") | F16: =IFERROR(AVERAGEIF(Benchmark!B$2:B$1249,A16,Benchmark!M$2:M$1249),"") | G16: =COUNTIFS(Benchmark!B$2:B$1249,A16,Benchmark!O$2:O$1249,"AGLM") | H16: =COUNTIFS(Benchmark!B$2:B$1249,A16,Benchmark!O$2:O$1249,"GPT/o200k")
A17: Burmese | B17: =COUNTIF(Benchmark!B$2:B$1249,A17) | C17: =COUNTIFS(Benchmark!B$2:B$1249,A17,Benchmark!M$2:M$1249,">=-1") | D17: =IFERROR(AVERAGEIF(Benchmark!B$2:B$1249,A17,Benchmark!H$2:H$1249),"") | E17: =IFERROR(AVERAGEIF(Benchmark!B$2:B$1249,A17,Benchmark!J$2:J$1249),"") | F17: =IFERROR(AVERAGEIF(Benchmark!B$2:B$1249,A17,Benchmark!M$2:M$1249),"") | G17: =COUNTIFS(Benchmark!B$2:B$1249,A17,Benchmark!O$2:O$1249,"AGLM") | H17: =COUNTIFS(Benchmark!B$2:B$1249,A17,Benchmark!O$2:O$1249,"GPT/o200k")
A18: Chinese Simplified | B18: =COUNTIF(Benchmark!B$2:B$1249,A18) | C18: =COUNTIFS(Benchmark!B$2:B$1249,A18,Benchmark!M$2:M$1249,">=-1") | D18: =IFERROR(AVERAGEIF(Benchmark!B$2:B$1249,A18,Benchmark!H$2:H$1249),"") | E18: =IFERROR(AVERAGEIF(Benchmark!B$2:B$1249,A18,Benchmark!J$2:J$1249),"") | F18: =IFERROR(AVERAGEIF(Benchmark!B$2:B$1249,A18,Benchmark!M$2:M$1249),"") | G18: =COUNTIFS(Benchmark!B$2:B$1249,A18,Benchmark!O$2:O$1249,"AGLM") | H18: =COUNTIFS(Benchmark!B$2:B$1249,A18,Benchmark!O$2:O$1249,"GPT/o200k")
A19: Chinese Traditional | B19: =COUNTIF(Benchmark!B$2:B$1249,A19) | C19: =COUNTIFS(Benchmark!B$2:B$1249,A19,Benchmark!M$2:M$1249,">=-1") | D19: =IFERROR(AVERAGEIF(Benchmark!B$2:B$1249,A19,Benchmark!H$2:H$1249),"") | E19: =IFERROR(AVERAGEIF(Benchmark!B$2:B$1249,A19,Benchmark!J$2:J$1249),"") | F19: =IFERROR(AVERAGEIF(Benchmark!B$2:B$1249,A19,Benchmark!M$2:M$1249),"") | G19: =COUNTIFS(Benchmark!B$2:B$1249,A19,Benchmark!O$2:O$1249,"AGLM") | H19: =COUNTIFS(Benchmark!B$2:B$1249,A19,Benchmark!O$2:O$1249,"GPT/o200k")
A20: Czech | B20: =COUNTIF(Benchmark!B$2:B$1249,A20) | C20: =COUNTIFS(Benchmark!B$2:B$1249,A20,Benchmark!M$2:M$1249,">=-1") | D20: =IFERROR(AVERAGEIF(Benchmark!B$2:B$1249,A20,Benchmark!H$2:H$1249),"") | E20: =IFERROR(AVERAGEIF(Benchmark!B$2:B$1249,A20,Benchmark!J$2:J$1249),"") | F20: =IFERROR(AVERAGEIF(Benchmark!B$2:B$1249,A20,Benchmark!M$2:M$1249),"") | G20: =COUNTIFS(Benchmark!B$2:B$1249,A20,Benchmark!O$2:O$1249,"AGLM") | H20: =COUNTIFS(Benchmark!B$2:B$1249,A20,Benchmark!O$2:O$1249,"GPT/o200k")
A21: Dutch | B21: =COUNTIF(Benchmark!B$2:B$1249,A21) | C21: =COUNTIFS(Benchmark!B$2:B$1249,A21,Benchmark!M$2:M$1249,">=-1") | D21: =IFERROR(AVERAGEIF(Benchmark!B$2:B$1249,A21,Benchmark!H$2:H$1249),"") | E21: =IFERROR(AVERAGEIF(Benchmark!B$2:B$1249,A21,Benchmark!J$2:J$1249),"") | F21: =IFERROR(AVERAGEIF(Benchmark!B$2:B$1249,A21,Benchmark!M$2:M$1249),"") | G21: =COUNTIFS(Benchmark!B$2:B$1249,A21,Benchmark!O$2:O$1249,"AGLM") | H21: =COUNTIFS(Benchmark!B$2:B$1249,A21,Benchmark!O$2:O$1249,"GPT/o200k")
A22: English | B22: =COUNTIF(Benchmark!B$2:B$1249,A22) | C22: =COUNTIFS(Benchmark!B$2:B$1249,A22,Benchmark!M$2:M$1249,">=-1") | D22: =IFERROR(AVERAGEIF(Benchmark!B$2:B$1249,A22,Benchmark!H$2:H$1249),"") | E22: =IFERROR(AVERAGEIF(Benchmark!B$2:B$1249,A22,Benchmark!J$2:J$1249),"") | F22: =IFERROR(AVERAGEIF(Benchmark!B$2:B$1249,A22,Benchmark!M$2:M$1249),"") | G22: =COUNTIFS(Benchmark!B$2:B$1249,A22,Benchmark!O$2:O$1249,"AGLM") | H22: =COUNTIFS(Benchmark!B$2:B$1249,A22,Benchmark!O$2:O$1249,"GPT/o200k")
A23: French | B23: =COUNTIF(Benchmark!B$2:B$1249,A23) | C23: =COUNTIFS(Benchmark!B$2:B$1249,A23,Benchmark!M$2:M$1249,">=-1") | D23: =IFERROR(AVERAGEIF(Benchmark!B$2:B$1249,A23,Benchmark!H$2:H$1249),"") | E23: =IFERROR(AVERAGEIF(Benchmark!B$2:B$1249,A23,Benchmark!J$2:J$1249),"") | F23: =IFERROR(AVERAGEIF(Benchmark!B$2:B$1249,A23,Benchmark!M$2:M$1249),"") | G23: =COUNTIFS(Benchmark!B$2:B$1249,A23,Benchmark!O$2:O$1249,"AGLM") | H23: =COUNTIFS(Benchmark!B$2:B$1249,A23,Benchmark!O$2:O$1249,"GPT/o200k")
... A79: Zulu | B79: =COUNTIF(Benchmark!B$2:B$1249,A79) | C79: =COUNTIFS(Benchmark!B$2:B$1249,A79,Benchmark!M$2:M$1249,">=-1") | D79: =IFERROR(AVERAGEIF(Benchmark!B$2:B$1249,A79,Benchmark!H$2:H$1249),"") | E79: =IFERROR(AVERAGEIF(Benchmark!B$2:B$1249,A79,Benchmark!J$2:J$1249),"") | F79: =IFERROR(AVERAGEIF(Benchmark!B$2:B$1249,A79,Benchmark!M$2:M$1249),"") | G79: =COUNTIFS(Benchmark!B$2:B$1249,A79,Benchmark!O$2:O$1249,"AGLM") | H79: =COUNTIFS(Benchmark!B$2:B$1249,A79,Benchmark!O$2:O$1249,"GPT/o200k")
